key,content_hash,source,locator,page,status,reviewer,reviewed_on,notes
canticles/magnificat,0c7b11b156c6,diurnal,,115,verified,bwaldrep,2026-07-11,
commons/apostle-paschal/hymn-lauds,60465c206836,A Noted Hymnary for the Anglican Breviary,,101,verified,codex,2026-07-17,
commons/apostle-paschal/hymn-vespers,fa9b1a9fcfe2,A Noted Hymnary for the Anglican Breviary,,97,verified,codex,2026-07-17,
commons/apostle-paschal/psalm-antiphon-1,80f901dabab2,draft archdiocesan Lauds book,Common of Apostles and Evangelists in Paschaltide,612,verified,codex,2026-07-18,
commons/apostle-paschal/psalm-antiphon-2,eebae0d7adbd,draft archdiocesan Lauds book,Common of Apostles and Evangelists in Paschaltide,613,verified,codex,2026-07-18,
commons/apostle-paschal/psalm-antiphon-3,2b1e1c6548ad,draft archdiocesan Vespers book,"Second Vespers, Common of Apostles in Paschaltide",565,verified,codex,2026-07-18,
commons/apostle-paschal/versicle-first-vespers,e3c6e91bb33f,draft archdiocesan Vespers book,,571,verified,codex,2026-07-17,
commons/apostle/psalm-antiphon-1,c6041b6635df,draft archdiocesan Lauds book,,603,verified,codex,2026-07-17,
commons/apostle/psalm-antiphon-2,a9e4b8ea3fd5,draft archdiocesan Lauds book,,604,verified,codex,2026-07-17,
commons/apostle/psalm-antiphon-4-first-vespers,d8c01a0143cf,draft archdiocesan Vespers book,,542,verified,codex,2026-07-17,
commons/apostle/versicle-lauds,c3fdc4e4c6fe,draft archdiocesan Lauds book,Common of Apostles and Evangelists out of Paschaltide,610,verified,codex,2026-07-18,
commons/bishop-martyr/commemoration-versicle,42deeb9b36a0,draft archdiocesan Vespers book,,577,verified,codex,2026-07-17,
commons/bishop-martyr/psalm-antiphon-3,227073efc61c,draft archdiocesan Lauds book,,623,verified,codex,2026-07-17,
commons/bishop-martyr/psalm-antiphon-4,2e22914b3a0a,draft archdiocesan Commons Lauds book,,22,verified,codex,2026-07-17,
commons/bishop-martyr/psalm-antiphon-5,adcfb373e8aa,draft archdiocesan Lauds book,,626,verified,codex,2026-07-17,
commons/bishop-martyr/versicle-lauds,93ddc703c431,draft archdiocesan Commons Lauds book,,27,verified,codex,2026-07-17,
commons/blessed-virgin/hymn-vespers,4ba834d3c0a0,draft archdiocesan Vespers book,,692,verified,codex,2026-07-17,
commons/blessed-virgin/psalm-antiphon-1,6d57cf78c709,draft archdiocesan Lauds book,,709,verified,codex,2026-07-17,
commons/blessed-virgin/psalm-antiphon-4,61e13288e9ed,draft archdiocesan Lauds book,,711,verified,codex,2026-07-17,
commons/blessed-virgin/versicle-lauds,c2e21ab641bb,draft archdiocesan Lauds book,,725,verified,codex,2026-07-17,
commons/confessor-bishop-paschal/benedictus-antiphon,5602d31978b4,draft archdiocesan Lauds book,,669,verified,codex,2026-07-17,
commons/confessor-bishop-paschal/magnificat-antiphon-first,40c77326378c,draft archdiocesan Vespers book,,641,verified,codex,2026-07-17,
commons/confessor-bishop-paschal/psalm-antiphon-1,39ee5e2c335f,draft archdiocesan Lauds book,,660,verified,codex,2026-07-17,
commons/confessor-bishop-paschal/psalm-antiphon-2,bed0e77e0e15,draft archdiocesan Lauds book,,661,verified,codex,2026-07-17,
commons/confessor-bishop-paschal/psalm-antiphon-3,353e87fcfb7f,draft archdiocesan Lauds book,,661,verified,codex,2026-07-17,
commons/confessor-bishop-paschal/psalm-antiphon-4,d67ea0b829ab,draft archdiocesan Lauds book,,662,verified,codex,2026-07-17,
commons/confessor-bishop-paschal/psalm-antiphon-5,a77262b0e20b,draft archdiocesan Lauds book,,664,verified,codex,2026-07-17,
commons/confessor-bishop-paschal/short-responsory-lauds,eccb31f73ce4,draft archdiocesan Lauds book,,666,verified,codex,2026-07-17,
commons/confessor-bishop-paschal/short-responsory-vespers,d106f702cff1,draft archdiocesan Vespers book,,637,verified,codex,2026-07-17,
commons/confessor-bishop-paschal/versicle-lauds,fb23ade121df,draft archdiocesan Lauds book,,669,verified,codex,2026-07-17,
commons/confessor-bishop/collect,06967e8353a7,draft archdiocesan Lauds book,,662,verified,codex,2026-07-17,
commons/confessor-bishop/commemoration-versicle,2eb3198c7903,draft archdiocesan Vespers book,,631,verified,codex,2026-07-17,
commons/confessor-bishop/hymn-lauds,159b2112fb1f,draft archdiocesan Lauds book,,659,verified,codex,2026-07-18,
commons/confessor-bishop/hymn-vespers,c9ab1ea69488,A Noted Hymnary for the Anglican Breviary,,109,verified,codex,2026-07-17,
commons/confessor-bishop/psalm-antiphon-4,d67ea0b829ab,draft archdiocesan Lauds book,,654,verified,codex,2026-07-18,
commons/confessor-bishop/psalm-antiphon-4-septuagesima,721c3f239941,draft archdiocesan Lauds book,,654,verified,codex,2026-07-18,
commons/confessor-bishop/psalm-antiphon-5,393916e9cbdb,draft archdiocesan Lauds book,,656,verified,codex,2026-07-17,
commons/confessor-bishop/short-responsory-lauds,2fe31c9a9d5f,draft archdiocesan Lauds book,,658,verified,codex,2026-07-17,
commons/confessor-bishop/short-responsory-vespers,db53a1ad31b3,draft archdiocesan Vespers book,,627,verified,codex,2026-07-17,
commons/confessor-bishop/versicle-lauds,7f005e8bb43e,draft archdiocesan Lauds book,Common of a Confessor and Bishop,659,verified,codex,2026-07-18,
commons/confessor-doctor-paschal/magnificat-antiphon,4255644dea4a,draft archdiocesan Vespers book,,642,verified,codex,2026-07-17,
commons/confessor-doctor/commemoration-versicle,2eb3198c7903,draft archdiocesan Vespers book,,631,verified,codex,2026-07-17,
commons/confessor-doctor/hymn-lauds,1c21b72358d2,A Noted Hymnary for the Anglican Breviary,,108,verified,codex,2026-07-17,
commons/confessor-doctor/magnificat-antiphon,fb08e396290a,draft archdiocesan Vespers book,,642,verified,codex,2026-07-17,
commons/confessor-doctor/psalm-antiphon-5,393916e9cbdb,draft archdiocesan Lauds book,,656,verified,codex,2026-07-17,
commons/confessor/hymn-lauds,1d28210bcaf3,A Noted Hymnary for the Anglican Breviary,,110,verified,codex,2026-07-17,
commons/confessor/hymn-vespers,caf200d5998c,A Noted Hymnary for the Anglican Breviary,,109,verified,codex,2026-07-17,
commons/confessor/psalm-antiphon-1,7c2a50fe31fc,draft archdiocesan Lauds book,,663,verified,codex,2026-07-17,
commons/confessor/psalm-antiphon-5,d770349764b5,draft archdiocesan Lauds book,,667,verified,codex,2026-07-17,
commons/dedication/hymn-lauds,0f25bb8c63fb,draft archdiocesan Lauds book,,705-706,verified,codex,2026-07-18,
commons/dedication/short-responsory-sext,5859fcba5458,draft archdiocesan Commons Vespers book,Common of the Dedication of a Church,143,verified,codex,2026-07-18,
commons/evangelist/psalm-antiphon-1,c6041b6635df,draft archdiocesan Commons Vespers book,,1,verified,codex,2026-07-17,
commons/evangelist/psalm-antiphon-3,ba044f8c8117,draft archdiocesan Commons Vespers book,,3,verified,codex,2026-07-17,
commons/evangelist/psalm-antiphon-5,d8c01a0143cf,draft archdiocesan Commons Lauds book,,5,verified,codex,2026-07-17,
commons/holy-woman-paschal/benedictus-antiphon,e2a1e83ce48e,draft archdiocesan Lauds book,,696,verified,codex,2026-07-18,
commons/holy-woman-paschal/magnificat-antiphon,05b9a68da849,draft archdiocesan Vespers book,,674,verified,codex,2026-07-18,
commons/holy-woman-paschal/magnificat-antiphon-first,eb898de4ec06,draft archdiocesan Vespers book,,674,verified,codex,2026-07-18,
commons/holy-woman-paschal/psalm-antiphon-1,62247eef5913,draft archdiocesan Lauds book,,688,verified,codex,2026-07-18,
commons/holy-woman-paschal/psalm-antiphon-2,90f313572800,draft archdiocesan Lauds book,,689,verified,codex,2026-07-18,
commons/holy-woman-paschal/psalm-antiphon-3,62ad5037ed3b,draft archdiocesan Lauds book,,690,verified,codex,2026-07-18,
commons/holy-woman-paschal/short-responsory-lauds,7a28f237888b,draft archdiocesan Lauds book,,693,verified,codex,2026-07-18,
commons/holy-woman-paschal/short-responsory-vespers,9618fe06f0aa,draft archdiocesan Vespers book,,670-671,verified,codex,2026-07-18,
commons/holy-woman-paschal/versicle-first-vespers,eb06f2fd03a2,draft archdiocesan Vespers book,,673,verified,codex,2026-07-18,
commons/holy-woman/benedictus-antiphon,d1f7aefaffb8,lauds-commons-manual-noted.pdf,,94,verified,codex,2026-07-18,
commons/holy-woman/hymn-lauds,23c55cf01484,draft archdiocesan Lauds book,,694,verified,codex,2026-07-17,
commons/martyr-paschal/hymn-lauds,2ff689d045c2,A Noted Hymnary for the Anglican Breviary,,102,verified,codex,2026-07-17,
commons/martyr-paschal/hymn-vespers,2335d1ffb442,A Noted Hymnary for the Anglican Breviary,,98,verified,codex,2026-07-17,
commons/martyr/benedictus-antiphon,2cdcdf816c2e,draft archdiocesan Lauds book,,637,verified,codex,2026-07-17,
commons/martyr/hymn-lauds,6b7c575e8fae,draft archdiocesan Lauds book,,628,verified,codex,2026-07-17,
commons/martyr/hymn-vespers,291dddf2c7e2,draft archdiocesan Vespers book,,584,verified,codex,2026-07-17,
commons/martyr/short-responsory-lauds,1981436935d4,draft archdiocesan Lauds book,Common of One Martyr out of Paschaltide,628,verified,codex,2026-07-18,
commons/martyr/short-responsory-vespers,40d478dbb58d,draft archdiocesan Vespers book,,584,verified,codex,2026-07-17,
commons/martyrs/magnificat-antiphon,65ef00a539f0,draft archdiocesan Vespers book,,613,verified,codex,2026-07-17,
commons/martyrs/short-responsory-lauds,6d3fc83fa938,draft archdiocesan Lauds book,,638,verified,codex,2026-07-17,
commons/martyrs/short-responsory-vespers,08dd03f9d2f2,draft archdiocesan Vespers book,,600,verified,codex,2026-07-17,
commons/virgin-martyr-paschal/short-responsory-lauds,2f4d830cb63e,Copy of OCP Ferial Lauds.pdf,,142,verified,codex,2026-07-18,
commons/virgin-martyr/hymn-lauds,6be9f1c5e053,Copy of OCP Ferial Lauds.pdf,,143,verified,codex,2026-07-18,
commons/virgin/hymn-lauds,7fa97536b3eb,A Noted Hymnary for the Anglican Breviary,,112,verified,codex,2026-07-17,
ordinary/lauds/chapter,421368055f67,draft archdiocesan Lauds book,Ash Wednesday,185,verified,codex,2026-07-18,Printed citation is 2 Corinthians 6:1-2; prose is Romans 13:12-13
ordinary/lauds/psalm-antiphon-1-monday,825ecc5b313e,Copy of OCP Ferial Lauds.pdf,Monday Ferial Lauds,7,verified,codex,2026-07-18,
ordinary/lauds/psalm-antiphon-1-wednesday,a7722cd23c64,draft archdiocesan Lauds book,Ash Wednesday,179,verified,codex,2026-07-18,
ordinary/lauds/psalm-antiphon-2-monday,8b3dee4355e5,Copy of OCP Ferial Lauds.pdf,Monday Ferial Lauds,8,verified,codex,2026-07-18,
ordinary/lauds/psalm-antiphon-2-wednesday,90827b691cb2,draft archdiocesan Lauds book,Ash Wednesday,180,verified,codex,2026-07-18,
ordinary/lauds/psalm-antiphon-3-monday,db6b1536ca2c,Copy of OCP Ferial Lauds.pdf,Monday Ferial Lauds,9,verified,codex,2026-07-18,
ordinary/lauds/psalm-antiphon-3-thursday,00886882cf15,Copy of OCP Ferial Lauds.pdf,Thursday Ferial Lauds,58,verified,codex,2026-07-18,
ordinary/lauds/psalm-antiphon-4-monday,3ef87a2935a9,Copy of OCP Ferial Lauds.pdf,Monday Ferial Lauds,10,verified,codex,2026-07-18,
ordinary/lauds/psalm-antiphon-4-thursday,32f50a6946ed,Copy of OCP Ferial Lauds.pdf,Thursday Ferial Lauds,60,verified,codex,2026-07-18,
ordinary/lauds/psalm-antiphon-4-wednesday,d9314fe73f1e,draft archdiocesan Lauds book,Ash Wednesday,182,verified,codex,2026-07-18,
ordinary/lauds/psalm-antiphon-5-monday,01649f2ac975,Copy of OCP Ferial Lauds.pdf,Monday Ferial Lauds,11,verified,codex,2026-07-18,
ordinary/lauds/psalm-antiphon-5-thursday,bac7bfd010c5,Copy of OCP Ferial Lauds.pdf,Thursday Ferial Lauds,62,verified,codex,2026-07-18,
ordinary/lauds/psalm-antiphon-5-wednesday,d12bdd529e0f,draft archdiocesan Lauds book,Ash Wednesday,183,verified,codex,2026-07-18,
ordinary/marian/alma-redemptoris-advent,03099b8ea0aa,Final Antiphons of the Blessed Virgin Mary.pdf,,1-3,verified,codex,2026-07-18,
ordinary/marian/alma-redemptoris-christmas,7e2a049236ad,Final Antiphons of the Blessed Virgin Mary.pdf,,1-3,verified,codex,2026-07-18,
ordinary/marian/ave-regina-caelorum,8093c39100a2,Final Antiphons of the Blessed Virgin Mary.pdf,,6-7,verified,codex,2026-07-18,
ordinary/marian/regina-caeli,ce0c82cf2d5e,Final Antiphons of the Blessed Virgin Mary.pdf,,10-11,verified,codex,2026-07-18,
ordinary/marian/salve-regina,e98bdf367733,Final Antiphons of the Blessed Virgin Mary.pdf,,14-16,verified,codex,2026-07-18,
ordinary/prime/chapter,b9ab0498a31d,st patrick prayer book,,41,verified,bwaldrep,2026-07-16,
ordinary/prime/chapter-ferial,ba58f15a0c32,st patrick prayer book,,41,verified,bwaldrep,2026-07-16,
ordinary/prime/collect,c09af24d4946,st patrick prayer book,,43,verified,bwaldrep,2026-07-15,
ordinary/prime/pre-collect-versicle,b3ea375a6784,st patrick prayer book,,41,verified,bwaldrep,2026-07-16,
ordinary/prime/psalm-antiphon-1-friday,b8646181fc65,st patrick prayer book,,37,verified,bwaldrep,2026-07-15,
ordinary/prime/psalm-antiphon-1-monday,7f6a3ac0a243,st patrick prayer book,,27,verified,bwaldrep,2026-07-15,
ordinary/prime/psalm-antiphon-1-saturday,33a4fd84a83e,st patrick prayer book,,40,verified,bwaldrep,2026-07-15,
ordinary/prime/psalm-antiphon-1-thursday,dfed6d18e1aa,st patrick prayer book,,34,verified,bwaldrep,2026-07-15,
ordinary/prime/psalm-antiphon-1-tuesday,ce8e7af0fabc,st patrick prayer book,,30,verified,bwaldrep,2026-07-15,
ordinary/prime/psalm-antiphon-1-wednesday,82ae73f24b17,st patrick prayer book,,32,verified,bwaldrep,2026-07-15,
ordinary/session/closing-rubric,bb4888da6f7b,diurnal,,A,verified,bwaldrep,2026-07-11,
ordinary/session/open-my-mouth,6f62e3beb617,diurnal,,A,verified,bwaldrep,2026-07-11,
ordinary/session/opening-rubric,2c43e230f57a,diurnal,,A,verified,bwaldrep,2026-07-11,
ordinary/session/sacrosanctae,8f75adec497d,diurnal,,A,verified,bwaldrep,2026-07-11,
ordinary/shared/alleluia,0595c5c9f33e,diurnal,,2,verified,bwaldrep,2026-07-11,
ordinary/shared/confiteor,e81b80291b77,st patrick prayer book,,42,verified,bwaldrep,2026-07-16,
ordinary/shared/gloria-patri,0306bbb45eaf,diurnal,,4,verified,bwaldrep,2026-07-10,
ordinary/shared/kyrie,ed8aa92f8205,missal,,N/A,verified,bwaldrep,2026-07-10,
ordinary/shared/our-father,68cc37ec0d58,diurnal,,B,verified,bwaldrep,2026-07-10,
proper/advent-sunday-1/psalm-antiphon-1,7de540e90841,draft archdiocesan Vespers book,,4,verified,codex,2026-07-17,
proper/advent-sunday-1/psalm-antiphon-2,313b9a7eaed8,draft archdiocesan Vespers book,,5,verified,codex,2026-07-17,
proper/advent-sunday-1/psalm-antiphon-3,eaf2860c47f3,draft archdiocesan Vespers book,,6,verified,codex,2026-07-17,
proper/advent-sunday-2/psalm-antiphon-1,fde254fa4204,draft archdiocesan Vespers book,,12,verified,codex,2026-07-17,
proper/advent-sunday-2/psalm-antiphon-2,b812cbeca586,draft archdiocesan Vespers book,,13,verified,codex,2026-07-17,
proper/advent-sunday-2/psalm-antiphon-3,612b47e87ae6,draft archdiocesan Vespers book,,14,verified,codex,2026-07-17,
proper/advent-sunday-3/psalm-antiphon-1,c5d135ccda20,draft archdiocesan Vespers book,,20,verified,codex,2026-07-17,
proper/advent-sunday-3/psalm-antiphon-2,0e6b678bb50d,draft archdiocesan Vespers book,,21,verified,codex,2026-07-17,
proper/advent-sunday-3/psalm-antiphon-3,b1f61b8eb8b7,draft archdiocesan Vespers book,,22,verified,codex,2026-07-17,
proper/advent-sunday-4/psalm-antiphon-1,1366da2e99de,draft archdiocesan Vespers book,,28,verified,codex,2026-07-17,
proper/advent-sunday-4/psalm-antiphon-2,80fa46f62ebf,draft archdiocesan Vespers book,,29,verified,codex,2026-07-17,
proper/advent-sunday-4/psalm-antiphon-3,488e7ad8bf64,draft archdiocesan Vespers book,,30,verified,codex,2026-07-17,
proper/advent-sunday-4/psalm-antiphon-4,1ba943492c77,draft archdiocesan Lauds book,,45,verified,codex,2026-07-17,
proper/all-souls/collect,da4ecabf7176,draft archdiocesan Commons Vespers book,,165,verified,codex,2026-07-17,
proper/annunciation/benedictus-antiphon,62f9f983514c,draft archdiocesan Lauds book,,440,verified,codex,2026-07-18,
proper/annunciation/benedictus-antiphon-easter,60315a242b6d,draft archdiocesan Lauds book,,440,verified,codex,2026-07-18,
proper/annunciation/magnificat-antiphon,ea290c522739,draft archdiocesan Vespers book,,354,verified,codex,2026-07-18,
proper/annunciation/magnificat-antiphon-easter,15b82c1c01c0,draft archdiocesan Vespers book,,354,verified,codex,2026-07-18,
proper/annunciation/magnificat-antiphon-first,558614b1baab,draft archdiocesan Vespers book,,354,verified,codex,2026-07-18,
proper/annunciation/magnificat-antiphon-first-easter,55597bdd8287,draft archdiocesan Vespers book,,354,verified,codex,2026-07-18,
proper/annunciation/psalm-antiphon-1,ea95dc5bdb03,draft archdiocesan Lauds book,,432,verified,codex,2026-07-18,
proper/annunciation/psalm-antiphon-1-easter,f8aaa197c1d1,draft archdiocesan Lauds book,,432,verified,codex,2026-07-18,
proper/annunciation/psalm-antiphon-2,933687517f48,draft archdiocesan Lauds book,,433,verified,codex,2026-07-18,
proper/annunciation/psalm-antiphon-2-easter,2bd672193b1d,draft archdiocesan Lauds book,,433,verified,codex,2026-07-18,
proper/annunciation/psalm-antiphon-3,efeb12bdfdd2,draft archdiocesan Lauds book,,433,verified,codex,2026-07-18,
proper/annunciation/psalm-antiphon-3-easter,696287b73330,draft archdiocesan Lauds book,,433,verified,codex,2026-07-18,
proper/annunciation/psalm-antiphon-4,fe3729706322,draft archdiocesan Lauds book,,434,verified,codex,2026-07-18,
proper/annunciation/psalm-antiphon-4-easter,4b17157656df,draft archdiocesan Lauds book,,434,verified,codex,2026-07-18,
proper/annunciation/psalm-antiphon-5,86248c1198db,draft archdiocesan Lauds book,,436,verified,codex,2026-07-18,
proper/annunciation/psalm-antiphon-5-easter,16cf6ba0c158,draft archdiocesan Lauds book,,436,verified,codex,2026-07-18,
proper/annunciation/short-responsory-lauds,e9818c8e1dec,draft archdiocesan Lauds book,,438,verified,codex,2026-07-18,
proper/annunciation/short-responsory-lauds-easter,c4f623e07809,draft archdiocesan Lauds book,,438,verified,codex,2026-07-18,
proper/annunciation/short-responsory-vespers,e9818c8e1dec,draft archdiocesan Vespers book,,351,verified,codex,2026-07-17,
proper/annunciation/short-responsory-vespers-easter,c4f623e07809,draft archdiocesan Vespers book,,351,verified,codex,2026-07-18,
proper/annunciation/versicle-lauds,0e36e6e165c3,draft archdiocesan Lauds book,,440,verified,codex,2026-07-18,
proper/annunciation/versicle-lauds-easter,33417077a6ad,draft archdiocesan Lauds book,,440,verified,codex,2026-07-18,
proper/ash-wednesday/chapter-vespers,ad8fb9b1bbfd,draft archdiocesan Vespers book,,129,verified,codex,2026-07-17,
proper/assumption-bvm/hymn-vespers,c89031c0b6a5,draft archdiocesan Vespers book,,464-465,verified,codex,2026-07-18,
proper/assumption-bvm/versicle-lauds,65002c4aac6d,draft archdiocesan Lauds book,The Assumption of the Blessed Virgin Mary,528,verified,codex,2026-07-18,
proper/chair-peter-antioch/benedictus-antiphon,da3f8f56db0b,draft archdiocesan Lauds book,,402,verified,codex,2026-07-17,
proper/chair-peter-antioch/versicle-lauds,6096f83fb79a,draft archdiocesan Lauds book,,402,verified,codex,2026-07-17,
proper/christmas/hymn-lauds,fb1b35ec9c54,draft archdiocesan Lauds book,,70-71,verified,codex,2026-07-18,
proper/christmas/hymn-vespers,78b8dd8d9ab2,draft archdiocesan Vespers book,,"47-48, 58-59",verified,codex,2026-07-18,
proper/circumcision/hymn-vespers,78b8dd8d9ab2,draft archdiocesan Vespers book,,94-95,verified,codex,2026-07-18,
proper/conception-bvm/versicle-lauds,2532ac9326a1,draft archdiocesan Lauds book,,367,verified,codex,2026-07-17,
proper/corpus-christi-octave-day/magnificat-antiphon-first,783b4208e0ac,draft Temporal Cycle Vespers book,,204,verified,codex,2026-07-17,
proper/corpus-christi-octave-set-1/magnificat-antiphon,4efeb2adb551,draft Temporal Cycle Vespers book,,203,verified,codex,2026-07-17,
proper/corpus-christi-octave-set-4/magnificat-antiphon,4efeb2adb551,draft Temporal Cycle Vespers book,,203,verified,codex,2026-07-17,
proper/corpus-christi/short-responsory-terce,210b7848f3c7,draft Temporal Cycle Vespers book,Saturday within the Octave of Corpus Christi,200-201,verified,codex,2026-07-18,
proper/easter-sunday-5/collect,1ed6ac486f79,draft archdiocesan Vespers book,,165,verified,codex,2026-07-17,
proper/easter-sunday/hymn-vespers,cd398b2bad13,A Noted Hymnary for the Anglican Breviary,,18,verified,codex,2026-07-17,
proper/epiphany/collect,6c60591a0964,draft archdiocesan Lauds book,,141,verified,codex,2026-07-17,
proper/exaltation-holy-cross/benedictus-antiphon,d41107adf6c1,draft archdiocesan Lauds book,,554,verified,codex,2026-07-17,
proper/exaltation-holy-cross/hymn-lauds,4974d2a9e21c,draft archdiocesan Lauds book,,547-549,verified,codex,2026-07-18,
proper/exaltation-holy-cross/hymn-vespers,1fb00fa76f29,draft archdiocesan Vespers book,,482-483,verified,codex,2026-07-18,
proper/exaltation-holy-cross/magnificat-antiphon-first,2d8d44848148,draft archdiocesan Vespers book,,484,verified,codex,2026-07-18,
proper/exaltation-holy-cross/psalm-antiphon-1,2e2b3e7f742a,draft archdiocesan Lauds book,,546,verified,codex,2026-07-17,
proper/exaltation-holy-cross/psalm-antiphon-2,1926c58c8001,draft archdiocesan Lauds book,,547,verified,codex,2026-07-17,
proper/exaltation-holy-cross/psalm-antiphon-4,459a126e6807,draft archdiocesan Lauds book,,548,verified,codex,2026-07-17,
proper/exaltation-holy-cross/psalm-antiphon-5,32699fb0723f,draft archdiocesan Lauds book,,550,verified,codex,2026-07-17,
proper/exaltation-holy-cross/short-responsory-lauds,9d6ddd30af86,draft archdiocesan Lauds book,,552,verified,codex,2026-07-17,
proper/exaltation-holy-cross/short-responsory-sext,46b962a8e2c1,draft archdiocesan Vespers book,Exaltation of the Holy Cross,481,verified,codex,2026-07-18,
proper/exaltation-holy-cross/short-responsory-terce,9d6ddd30af86,draft archdiocesan Lauds book,Exaltation of the Holy Cross,552,verified,codex,2026-07-18,
proper/exaltation-holy-cross/short-responsory-vespers,46b962a8e2c1,draft archdiocesan Vespers book,,481,verified,codex,2026-07-18,
proper/exaltation-holy-cross/versicle-lauds,38c10f530995,draft archdiocesan Lauds book,,554,verified,codex,2026-07-17,
proper/exaltation-holy-cross/versicle-vespers,82344825b400,draft archdiocesan Vespers book,,483,verified,codex,2026-07-18,
proper/finding-holy-cross/chapter-terce,b8e38372d58d,draft archdiocesan Lauds book,,458,verified,codex,2026-07-18,
proper/finding-holy-cross/commemoration-antiphon,2e2b3e7f742a,draft archdiocesan Lauds book,,541,verified,codex,2026-07-18,
proper/finding-holy-cross/commemoration-antiphon-easter,6457229ee88d,draft archdiocesan Lauds book,,453,verified,codex,2026-07-18,
proper/finding-holy-cross/commemoration-versicle,82344825b400,draft archdiocesan Vespers book,,483,verified,codex,2026-07-18,
proper/finding-holy-cross/commemoration-versicle-easter,b3a8fd311c36,draft archdiocesan Vespers book,,381,verified,codex,2026-07-18,
proper/holy-name-jesus/magnificat-antiphon,9f8473a1699e,draft Temporal Cycle Vespers book,,100,verified,codex,2026-07-17,
proper/holy-name-jesus/magnificat-antiphon-first,8af7f293a17d,draft Temporal Cycle Vespers book,,100,verified,codex,2026-07-17,
proper/nativity-john-baptist/short-responsory-terce,5c39815ce1d1,draft archdiocesan Lauds book,Nativity of Saint John Baptist,474,verified,codex,2026-07-18,
proper/nativity-sunday-within-octave/benedictus-antiphon,7b5b259fc4af,draft archdiocesan Lauds book,,69,verified,codex,2026-07-18,
proper/pentecost/benedictus-antiphon,947ffcdb05e3,draft archdiocesan Lauds book,,310,verified,codex,2026-07-17,
proper/pentecost/chapter-lauds,736f1f1c8b19,draft archdiocesan Lauds book,The Feast of Pentecost,304,verified,codex,2026-07-18,
proper/pentecost/psalm-antiphon-1,0764e19393b9,draft archdiocesan Vespers book,,181,verified,codex,2026-07-17,
proper/pentecost/psalm-antiphon-2,55916376dd89,draft archdiocesan Vespers book,,182,verified,codex,2026-07-17,
proper/pentecost/psalm-antiphon-3,a4c49844e898,draft archdiocesan Vespers book,,183,verified,codex,2026-07-17,
proper/pentecost/versicle-lauds,1717e2913fbc,draft archdiocesan Lauds book,The Feast of Pentecost,306,verified,codex,2026-07-18,
proper/saturday-office-bvm-paschal/short-responsory-lauds,91143d1f7b76,Copy of OCP Ferial Lauds.pdf,,120,verified,codex,2026-07-18,
proper/saturday-office-bvm/hymn-lauds,ef36c9ddd8e5,Copy of OCP Ferial Lauds.pdf,,107,verified,codex,2026-07-18,
proper/solemnity-st-joseph/hymn-vespers,d37dc735511b,draft archdiocesan Vespers book,,168,verified,codex,2026-07-18,
proper/st-joseph/short-responsory-vespers,97970bbbbb33,draft archdiocesan Vespers book,,"324, 333",verified,codex,2026-07-17,
proper/st-lawrence/psalm-antiphon-3,441ca5cf4bc3,draft archdiocesan Lauds book,,517,verified,codex,2026-07-17,
proper/trinity-sunday/psalm-antiphon-1,116ab0c2b5da,draft archdiocesan Vespers book,,189,verified,codex,2026-07-17,
proper/trinity-sunday/psalm-antiphon-2,c491b409b4d9,draft archdiocesan Vespers book,,190,verified,codex,2026-07-17,
proper/trinity-sunday/psalm-antiphon-3,f538e9d68586,draft archdiocesan Vespers book,,191,verified,codex,2026-07-17,
psalms/001,e19d81a02f61,Coverdale Psalter,Psalm 1,,verified,codex,2026-07-10,Machine-verified against 1662 BCP
psalms/002,cebfe3005251,Coverdale Psalter,Psalm 2,,verified,codex,2026-07-10,Machine-verified against 1662 BCP
psalms/003,90dcbba6a990,Coverdale Psalter,Psalm 3,,verified,codex,2026-07-10,Machine-verified against 1662 BCP
psalms/004,ef8bdef10b1e,Coverdale Psalter,Psalm 4,,verified,codex,2026-07-10,Machine-verified against 1662 BCP
psalms/005,3774aae75cb4,Coverdale Psalter,Psalm 5,,verified,codex,2026-07-10,Machine-verified against 1662 BCP
psalms/006,123a70534a91,Coverdale Psalter,Psalm 6,,verified,codex,2026-07-10,Machine-verified against 1662 BCP
psalms/007,7c05c04669b7,Coverdale Psalter,Psalm 7,,verified,codex,2026-07-10,Machine-verified against 1662 BCP
psalms/008,03e5de7ab393,Coverdale Psalter,Psalm 8,,verified,codex,2026-07-10,Machine-verified against 1662 BCP
psalms/009,9dbba3771e38,Coverdale Psalter,Psalm 9,,verified,codex,2026-07-10,Machine-verified against 1662 BCP
psalms/009a,4d50bb471ef6,Coverdale Psalter,Psalm 9:1-18,,verified,codex,2026-07-15,Text extracted from verified psalms/009; Prime division confirmed against parish prayerbook
psalms/009b,7a0744ed2318,Coverdale Psalter,Psalm 9:19-20,,verified,codex,2026-07-15,Text extracted from verified psalms/009; Prime division confirmed against parish prayerbook
psalms/010,75baa9c5f3d4,Coverdale Psalter,Psalm 10,,verified,codex,2026-07-10,Machine-verified against 1662 BCP
psalms/011,49be3fd46375,Coverdale Psalter,Psalm 11,,verified,codex,2026-07-10,Machine-verified against 1662 BCP
psalms/012,6a52a330701e,Coverdale Psalter,Psalm 12,,verified,codex,2026-07-10,Machine-verified against 1662 BCP
psalms/013,114e0484147d,Coverdale Psalter,Psalm 13,,verified,codex,2026-07-10,Machine-verified against 1662 BCP
psalms/014,bae3277a576d,Coverdale Psalter,Psalm 14,,verified,codex,2026-07-10,Machine-verified against 1662 BCP
psalms/015,a4575d592bfc,Coverdale Psalter,Psalm 15,,verified,codex,2026-07-10,Machine-verified against 1662 BCP
psalms/016,032799054b04,Coverdale Psalter,Psalm 16,,verified,codex,2026-07-10,Machine-verified against 1662 BCP
psalms/017,66a3cbbc9be6,Coverdale Psalter,Psalm 17,,verified,codex,2026-07-10,Machine-verified against 1662 BCP
psalms/018,b86eaae54271,Coverdale Psalter,Psalm 18,,verified,codex,2026-07-10,Machine-verified against 1662 BCP
psalms/018a,f14d3a656dc0,Coverdale Psalter,Psalm 18:1-24,,verified,codex,2026-07-10,Machine-verified against 1662 BCP
psalms/018b,0d4478ba8fdf,Coverdale Psalter,Psalm 18:25-51,,verified,codex,2026-07-10,Machine-verified against 1662 BCP
psalms/019,90f4ee201430,Coverdale Psalter,Psalm 19,,verified,codex,2026-07-10,Machine-verified against 1662 BCP
psalms/020,e992c689033c,Coverdale Psalter,Psalm 20,,verified,codex,2026-07-10,Machine-verified against 1662 BCP
psalms/021,8b996466d458,Coverdale Psalter,Psalm 21,,verified,codex,2026-07-10,Machine-verified against 1662 BCP
psalms/022,9406bb4f2e7f,Coverdale Psalter,Psalm 22,,verified,codex,2026-07-10,Machine-verified against 1662 BCP
psalms/023,ac3476de6a24,Coverdale Psalter,Psalm 23,,verified,codex,2026-07-10,Machine-verified against 1662 BCP
psalms/024,f433ccd3c0b0,Coverdale Psalter,Psalm 24,,verified,codex,2026-07-10,Machine-verified against 1662 BCP
psalms/025,71fe1d42be0a,Coverdale Psalter,Psalm 25,,verified,codex,2026-07-10,Machine-verified against 1662 BCP
psalms/026,2b6f41f65833,Coverdale Psalter,Psalm 26,,verified,codex,2026-07-10,Machine-verified against 1662 BCP
psalms/027,5874ae5b12a8,Coverdale Psalter,Psalm 27,,verified,codex,2026-07-10,Machine-verified against 1662 BCP
psalms/028,ce2c98fba26c,Coverdale Psalter,Psalm 28,,verified,codex,2026-07-10,Machine-verified against 1662 BCP
psalms/029,6d9808965274,Coverdale Psalter,Psalm 29,,verified,codex,2026-07-10,Machine-verified against 1662 BCP
psalms/030,163cc992bd17,Coverdale Psalter,Psalm 30,,verified,codex,2026-07-10,Machine-verified against 1662 BCP
psalms/031,ef645ae9687c,Coverdale Psalter,Psalm 31,,verified,codex,2026-07-10,Machine-verified against 1662 BCP
psalms/032,37e5ca8af7fa,Coverdale Psalter,Psalm 32,,verified,codex,2026-07-10,Machine-verified against 1662 BCP
psalms/033,c3e33f8f20f8,Coverdale Psalter,Psalm 33,,verified,codex,2026-07-10,Machine-verified against 1662 BCP
psalms/034,277785234f82,Coverdale Psalter,Psalm 34,,verified,codex,2026-07-10,Machine-verified against 1662 BCP
psalms/035,db362fd8a64c,Coverdale Psalter,Psalm 35,,verified,codex,2026-07-10,Machine-verified against 1662 BCP
psalms/036,54f8d59743a3,Coverdale Psalter,Psalm 36,,verified,codex,2026-07-10,Machine-verified against 1662 BCP
psalms/037,08fb7522a916,Coverdale Psalter,Psalm 37,,verified,codex,2026-07-10,Machine-verified against 1662 BCP
psalms/038,97392b5e3bda,Coverdale Psalter,Psalm 38,,verified,codex,2026-07-10,Machine-verified against 1662 BCP
psalms/039,380e95237867,Coverdale Psalter,Psalm 39,,verified,codex,2026-07-10,Machine-verified against 1662 BCP
psalms/040,6bf588a3fc63,Coverdale Psalter,Psalm 40,,verified,codex,2026-07-10,Machine-verified against 1662 BCP
psalms/041,ee9284ff7220,Coverdale Psalter,Psalm 41,,verified,codex,2026-07-10,Machine-verified against 1662 BCP
psalms/042,6c053a09bc1b,Coverdale Psalter,Psalm 42,,verified,codex,2026-07-10,Machine-verified against 1662 BCP
psalms/043,991e55200626,Coverdale Psalter,Psalm 43,,verified,codex,2026-07-10,Machine-verified against 1662 BCP
psalms/044,7298e58f5712,Coverdale Psalter,Psalm 44,,verified,codex,2026-07-10,Machine-verified against 1662 BCP
psalms/045,c032c621fa72,Coverdale Psalter,Psalm 45,,verified,codex,2026-07-10,Machine-verified against 1662 BCP
psalms/046,c16531ee6384,Coverdale Psalter,Psalm 46,,verified,codex,2026-07-10,Machine-verified against 1662 BCP
psalms/047,bc79d2ca8544,Coverdale Psalter,Psalm 47,,verified,codex,2026-07-10,Machine-verified against 1662 BCP
psalms/048,39f964d13cff,Coverdale Psalter,Psalm 48,,verified,codex,2026-07-10,Machine-verified against 1662 BCP
psalms/049,e4283719ca15,Coverdale Psalter,Psalm 49,,verified,codex,2026-07-10,Machine-verified against 1662 BCP
psalms/050,8782a30d2f0f,Coverdale Psalter,Psalm 50,,verified,codex,2026-07-10,Machine-verified against 1662 BCP
psalms/051,20378e5c969e,Coverdale Psalter,Psalm 51,,verified,codex,2026-07-10,Machine-verified against 1662 BCP
psalms/052,6819bb1ac1f8,Coverdale Psalter,Psalm 52,,verified,codex,2026-07-10,Machine-verified against 1662 BCP
psalms/053,015f79556322,Coverdale Psalter,Psalm 53,,verified,codex,2026-07-10,Machine-verified against 1662 BCP
psalms/054,1d5c0b60df73,Coverdale Psalter,Psalm 54,,verified,codex,2026-07-10,Machine-verified against 1662 BCP
psalms/055,3333f98788dd,Coverdale Psalter,Psalm 55,,verified,codex,2026-07-10,Machine-verified against 1662 BCP
psalms/056,e01ab1546a16,Coverdale Psalter,Psalm 56,,verified,codex,2026-07-10,Machine-verified against 1662 BCP
psalms/057,1be642d126be,Coverdale Psalter,Psalm 57,,verified,codex,2026-07-10,Machine-verified against 1662 BCP
psalms/058,99b82b8089d9,Coverdale Psalter,Psalm 58,,verified,codex,2026-07-10,Machine-verified against 1662 BCP
psalms/059,6a294f1d6d02,Coverdale Psalter,Psalm 59,,verified,codex,2026-07-10,Machine-verified against 1662 BCP
psalms/060,0df3e24e6aa6,Coverdale Psalter,Psalm 60,,verified,codex,2026-07-10,Machine-verified against 1662 BCP
psalms/061,052bb8f4244e,Coverdale Psalter,Psalm 61,,verified,codex,2026-07-10,Machine-verified against 1662 BCP
psalms/062,eb92f4370dae,Coverdale Psalter,Psalm 62,,verified,codex,2026-07-10,Machine-verified against 1662 BCP
psalms/063,a3d5352a7645,Coverdale Psalter,Psalm 63,,verified,codex,2026-07-10,Machine-verified against 1662 BCP
psalms/064,9fda879a34e5,Coverdale Psalter,Psalm 64,,verified,codex,2026-07-10,Machine-verified against 1662 BCP
psalms/065,2a3180d5b289,Coverdale Psalter,Psalm 65,,verified,codex,2026-07-10,Machine-verified against 1662 BCP
psalms/066,d6c232f95e79,Coverdale Psalter,Psalm 66,,verified,codex,2026-07-10,Machine-verified against 1662 BCP
psalms/067,d18dfc7a3b0a,Coverdale Psalter,Psalm 67,,verified,codex,2026-07-10,Machine-verified against 1662 BCP
psalms/068,ab7310523965,Coverdale Psalter,Psalm 68,,verified,codex,2026-07-10,Machine-verified against 1662 BCP
psalms/069,0cd416da1e2f,Coverdale Psalter,Psalm 69,,verified,codex,2026-07-10,Machine-verified against 1662 BCP
psalms/070,99317cdd1c1e,Coverdale Psalter,Psalm 70,,verified,codex,2026-07-10,Machine-verified against 1662 BCP
psalms/071,0338aeacd3f7,Coverdale Psalter,Psalm 71,,verified,codex,2026-07-10,Machine-verified against 1662 BCP
psalms/072,5abda9ecd92e,Coverdale Psalter,Psalm 72,,verified,codex,2026-07-10,Machine-verified against 1662 BCP
psalms/073,0bb2a5cc599b,Coverdale Psalter,Psalm 73,,verified,codex,2026-07-10,Machine-verified against 1662 BCP
psalms/074,2b058097548f,Coverdale Psalter,Psalm 74,,verified,codex,2026-07-10,Machine-verified against 1662 BCP
psalms/075,c6a82f9d66f0,Coverdale Psalter,Psalm 75,,verified,codex,2026-07-10,Machine-verified against 1662 BCP
psalms/076,de58e6c9b86e,Coverdale Psalter,Psalm 76,,verified,codex,2026-07-10,Machine-verified against 1662 BCP
psalms/077,7bef588e530d,Coverdale Psalter,Psalm 77,,verified,codex,2026-07-10,Machine-verified against 1662 BCP
psalms/078,7c2caf96640a,Coverdale Psalter,Psalm 78,,verified,codex,2026-07-10,Machine-verified against 1662 BCP
psalms/079,e5704162d0bf,Coverdale Psalter,Psalm 79,,verified,codex,2026-07-10,Machine-verified against 1662 BCP
psalms/080,efaa2842e9c8,Coverdale Psalter,Psalm 80,,verified,codex,2026-07-10,Machine-verified against 1662 BCP
psalms/081,2a25eafc1a87,Coverdale Psalter,Psalm 81,,verified,codex,2026-07-10,Machine-verified against 1662 BCP
psalms/082,981b5f5fa328,Coverdale Psalter,Psalm 82,,verified,codex,2026-07-10,Machine-verified against 1662 BCP
psalms/083,a58c07558b6a,Coverdale Psalter,Psalm 83,,verified,codex,2026-07-10,Machine-verified against 1662 BCP
psalms/084,f6dbe3339db7,Coverdale Psalter,Psalm 84,,verified,codex,2026-07-10,Machine-verified against 1662 BCP
psalms/085,9b39ba5e4d69,Coverdale Psalter,Psalm 85,,verified,codex,2026-07-10,Machine-verified against 1662 BCP
psalms/086,91295010f5bc,Coverdale Psalter,Psalm 86,,verified,codex,2026-07-10,Machine-verified against 1662 BCP
psalms/087,7d29d65cc0cc,Coverdale Psalter,Psalm 87,,verified,codex,2026-07-10,Machine-verified against 1662 BCP
psalms/088,ff104e318416,Coverdale Psalter,Psalm 88,,verified,codex,2026-07-10,Machine-verified against 1662 BCP
psalms/089,a8dfddf53550,Coverdale Psalter,Psalm 89,,verified,codex,2026-07-10,Machine-verified against 1662 BCP
psalms/090,8d2aa514afe3,Coverdale Psalter,Psalm 90,,verified,codex,2026-07-10,Machine-verified against 1662 BCP
psalms/091,fa85eafcea56,Coverdale Psalter,Psalm 91,,verified,codex,2026-07-10,Machine-verified against 1662 BCP
psalms/092,f4e6a0841ad8,Coverdale Psalter,Psalm 92,,verified,codex,2026-07-10,Machine-verified against 1662 BCP
psalms/093,a53bcef615b4,Coverdale Psalter,Psalm 93,,verified,codex,2026-07-10,Machine-verified against 1662 BCP
psalms/094,e5df5d4c1b11,Coverdale Psalter,Psalm 94,,verified,codex,2026-07-10,Machine-verified against 1662 BCP
psalms/095,f3c3a9a5c9f3,Coverdale Psalter,Psalm 95,,verified,codex,2026-07-10,Machine-verified against 1662 BCP
psalms/096,d0a6e864e89f,Coverdale Psalter,Psalm 96,,verified,codex,2026-07-10,Machine-verified against 1662 BCP
psalms/097,910aa61ec7d3,Coverdale Psalter,Psalm 97,,verified,codex,2026-07-10,Machine-verified against 1662 BCP
psalms/098,b6174a448948,Coverdale Psalter,Psalm 98,,verified,codex,2026-07-10,Machine-verified against 1662 BCP
psalms/099,75738248b043,Coverdale Psalter,Psalm 99,,verified,codex,2026-07-10,Machine-verified against 1662 BCP
psalms/100,3e6a0ae4ec32,Coverdale Psalter,Psalm 100,,verified,codex,2026-07-10,Machine-verified against 1662 BCP
psalms/101,184bf9fa6475,Coverdale Psalter,Psalm 101,,verified,codex,2026-07-10,Machine-verified against 1662 BCP
psalms/102,be4fc9f4837e,Coverdale Psalter,Psalm 102,,verified,codex,2026-07-10,Machine-verified against 1662 BCP
psalms/103,de3264072aa3,Coverdale Psalter,Psalm 103,,verified,codex,2026-07-10,Machine-verified against 1662 BCP
psalms/104,0f9b9c9314fe,Coverdale Psalter,Psalm 104,,verified,codex,2026-07-10,Machine-verified against 1662 BCP
psalms/105,78c509a07b8f,Coverdale Psalter,Psalm 105,,verified,codex,2026-07-10,Machine-verified against 1662 BCP
psalms/106,0b2e820fca39,Coverdale Psalter,Psalm 106,,verified,codex,2026-07-10,Machine-verified against 1662 BCP
psalms/107,89e72a7a5986,Coverdale Psalter,Psalm 107,,verified,codex,2026-07-10,Machine-verified against 1662 BCP
psalms/108,0458c545456c,Coverdale Psalter,Psalm 108,,verified,codex,2026-07-10,Machine-verified against 1662 BCP
psalms/109,e9e1998e5ef4,Coverdale Psalter,Psalm 109,,verified,codex,2026-07-10,Machine-verified against 1662 BCP
psalms/110,eb6719f2bfd5,Coverdale Psalter,Psalm 110,,verified,codex,2026-07-10,Machine-verified against 1662 BCP
psalms/111,ca83c6902586,Coverdale Psalter,Psalm 111,,verified,codex,2026-07-10,Machine-verified against 1662 BCP
psalms/112,67e515f85391,Coverdale Psalter,Psalm 112,,verified,codex,2026-07-10,Machine-verified against 1662 BCP
psalms/113,8ff16357e4ad,Coverdale Psalter,Psalm 113,,verified,codex,2026-07-10,Machine-verified against 1662 BCP
psalms/114,18328e9cc7da,Coverdale Psalter,Psalm 114,,verified,codex,2026-07-10,Machine-verified against 1662 BCP
psalms/115,4d4149435af6,Coverdale Psalter,Psalm 115,,verified,codex,2026-07-10,Machine-verified against 1662 BCP
psalms/116,43e5bc403367,Coverdale Psalter,Psalm 116,,verified,codex,2026-07-10,Machine-verified against 1662 BCP
psalms/116b,381b821a03e6,Coverdale Psalter,Psalm 116:10-16,,verified,codex,2026-07-18,"Machine-verified against attested psalms/116 (1662 BCP); printed as Vulgate 115 Credidi in draft Commons Vespers book pp. 11, 27, 45, 61, 79"
psalms/117,4ca37f9f33e0,Coverdale Psalter,Psalm 117,,verified,codex,2026-07-10,Machine-verified against 1662 BCP
psalms/118,582d574649c2,Coverdale Psalter,Psalm 118,,verified,codex,2026-07-10,Machine-verified against 1662 BCP
psalms/119,e1f63709450c,Coverdale Psalter,Psalm 119,,verified,codex,2026-07-10,Machine-verified against 1662 BCP
psalms/119-i,9b6eb4d436d8,Coverdale Psalter,Psalm 119:1-8,,verified,codex,2026-07-10,Machine-verified against 1662 BCP
psalms/119-ii,acf39266295b,Coverdale Psalter,Psalm 119:9-16,,verified,codex,2026-07-10,Machine-verified against 1662 BCP
psalms/119-iii,5f8a280ec6b1,Coverdale Psalter,Psalm 119:17-24,,verified,codex,2026-07-10,Machine-verified against 1662 BCP
psalms/119-iv,a35465c1ddfa,Coverdale Psalter,Psalm 119:25-32,,verified,codex,2026-07-10,Machine-verified against 1662 BCP
psalms/119-ix,6e6ea3301afe,Coverdale Psalter,Psalm 119:65-72,,verified,codex,2026-07-10,Machine-verified against 1662 BCP
psalms/119-v,200b23518d9d,Coverdale Psalter,Psalm 119:33-40,,verified,codex,2026-07-10,Machine-verified against 1662 BCP
psalms/119-vi,6395cec89063,Coverdale Psalter,Psalm 119:41-48,,verified,codex,2026-07-10,Machine-verified against 1662 BCP
psalms/119-vii,1d65db220cab,Coverdale Psalter,Psalm 119:49-56,,verified,codex,2026-07-10,Machine-verified against 1662 BCP
psalms/119-viii,ad72c4573468,Coverdale Psalter,Psalm 119:57-64,,verified,codex,2026-07-10,Machine-verified against 1662 BCP
psalms/119-x,3fb85d507306,Coverdale Psalter,Psalm 119:73-80,,verified,codex,2026-07-10,Machine-verified against 1662 BCP
psalms/119-xi,8be04b4c6137,Coverdale Psalter,Psalm 119:81-88,,verified,codex,2026-07-10,Machine-verified against 1662 BCP
psalms/119-xii,5096aecf039d,Coverdale Psalter,Psalm 119:89-96,,verified,codex,2026-07-10,Machine-verified against 1662 BCP
psalms/119-xiii,9b804191ad7b,Coverdale Psalter,Psalm 119:97-104,,verified,codex,2026-07-10,Machine-verified against 1662 BCP
psalms/119-xiv,aede048defcb,Coverdale Psalter,Psalm 119:105-112,,verified,codex,2026-07-10,Machine-verified against 1662 BCP
psalms/119-xix,2ecaa694385b,Coverdale Psalter,Psalm 119:145-152,,verified,codex,2026-07-10,Machine-verified against 1662 BCP
psalms/119-xv,f3656224c801,Coverdale Psalter,Psalm 119:113-120,,verified,codex,2026-07-10,Machine-verified against 1662 BCP
psalms/119-xvi,488241801cfb,Coverdale Psalter,Psalm 119:121-128,,verified,codex,2026-07-10,Machine-verified against 1662 BCP
psalms/119-xvii,ca8d92ae754d,Coverdale Psalter,Psalm 119:129-136,,verified,codex,2026-07-10,Machine-verified against 1662 BCP
psalms/119-xviii,8fac3e0a7fda,Coverdale Psalter,Psalm 119:137-144,,verified,codex,2026-07-10,Machine-verified against 1662 BCP
psalms/119-xx,3bf04bc93fd5,Coverdale Psalter,Psalm 119:153-160,,verified,codex,2026-07-10,Machine-verified against 1662 BCP
psalms/119-xxi,b7fecf6b6188,Coverdale Psalter,Psalm 119:161-168,,verified,codex,2026-07-10,Machine-verified against 1662 BCP
psalms/119-xxii,4d05196c4057,Coverdale Psalter,Psalm 119:169-176,,verified,codex,2026-07-10,Machine-verified against 1662 BCP
psalms/120,a29928f603f9,Coverdale Psalter,Psalm 120,,verified,codex,2026-07-10,Machine-verified against 1662 BCP
psalms/121,3048887dc9df,Coverdale Psalter,Psalm 121,,verified,codex,2026-07-10,Machine-verified against 1662 BCP
psalms/122,8541c4ac2d30,Coverdale Psalter,Psalm 122,,verified,codex,2026-07-10,Machine-verified against 1662 BCP
psalms/123,8f6ab1e7d3d2,Coverdale Psalter,Psalm 123,,verified,codex,2026-07-10,Machine-verified against 1662 BCP
psalms/124,c47602a02816,Coverdale Psalter,Psalm 124,,verified,codex,2026-07-10,Machine-verified against 1662 BCP
psalms/125,8f2f709969fd,Coverdale Psalter,Psalm 125,,verified,codex,2026-07-10,Machine-verified against 1662 BCP
psalms/126,d0830f90c787,Coverdale Psalter,Psalm 126,,verified,codex,2026-07-10,Machine-verified against 1662 BCP
psalms/127,b457a96d68f8,Coverdale Psalter,Psalm 127,,verified,codex,2026-07-10,Machine-verified against 1662 BCP
psalms/128,d531ee141016,Coverdale Psalter,Psalm 128,,verified,codex,2026-07-10,Machine-verified against 1662 BCP
psalms/129,c9f72cb04ad4,Coverdale Psalter,Psalm 129,,verified,codex,2026-07-10,Machine-verified against 1662 BCP
psalms/130,916070b52ff5,Coverdale Psalter,Psalm 130,,verified,codex,2026-07-10,Machine-verified against 1662 BCP
psalms/131,5e82f6203e24,Coverdale Psalter,Psalm 131,,verified,codex,2026-07-10,Machine-verified against 1662 BCP
psalms/132,b32d0355411b,Coverdale Psalter,Psalm 132,,verified,codex,2026-07-10,Machine-verified against 1662 BCP
psalms/133,62fad58c15a1,Coverdale Psalter,Psalm 133,,verified,codex,2026-07-10,Machine-verified against 1662 BCP
psalms/134,f9f958b5f1ae,Coverdale Psalter,Psalm 134,,verified,codex,2026-07-10,Machine-verified against 1662 BCP
psalms/135,cd1874d224e7,Coverdale Psalter,Psalm 135,,verified,codex,2026-07-10,Machine-verified against 1662 BCP
psalms/136,111b27d55637,Coverdale Psalter,Psalm 136,,verified,codex,2026-07-10,Machine-verified against 1662 BCP
psalms/137,d04b91b4b0cd,Coverdale Psalter,Psalm 137,,verified,codex,2026-07-10,Machine-verified against 1662 BCP
psalms/138,6b0353f9230a,Coverdale Psalter,Psalm 138,,verified,codex,2026-07-10,Machine-verified against 1662 BCP
psalms/139,456446354166,Coverdale Psalter,Psalm 139,,verified,codex,2026-07-10,Machine-verified against 1662 BCP
psalms/139a,20125cdb74fd,Coverdale Psalter,Psalm 139:1-11,,verified,codex,2026-07-10,Machine-verified against 1662 BCP
psalms/139b,1f40db2d6ac7,Coverdale Psalter,Psalm 139:12-24,,verified,codex,2026-07-10,Machine-verified against 1662 BCP
psalms/140,b55807026c26,Coverdale Psalter,Psalm 140,,verified,codex,2026-07-10,Machine-verified against 1662 BCP
psalms/141,77a1a6ca5b46,Coverdale Psalter,Psalm 141,,verified,codex,2026-07-10,Machine-verified against 1662 BCP
psalms/142,e854bfb34c28,Coverdale Psalter,Psalm 142,,verified,codex,2026-07-10,Machine-verified against 1662 BCP
psalms/143,d0fb449bf6fb,Coverdale Psalter,Psalm 143,,verified,codex,2026-07-10,Machine-verified against 1662 BCP
psalms/144,7fdb26042ce6,Coverdale Psalter,Psalm 144,,verified,codex,2026-07-10,Machine-verified against 1662 BCP
psalms/144a,6a6abcaf9e3a,Coverdale Psalter,Psalm 144:1-8,,verified,codex,2026-07-10,Machine-verified against 1662 BCP
psalms/144b,e888f40281b2,Coverdale Psalter,Psalm 144:9-15,,verified,codex,2026-07-10,Machine-verified against 1662 BCP
psalms/145,2a63e6c8d424,Coverdale Psalter,Psalm 145,,verified,codex,2026-07-10,Machine-verified against 1662 BCP
psalms/145a,06500617d7d8,Coverdale Psalter,Psalm 145:1-13,,verified,codex,2026-07-10,Machine-verified against 1662 BCP
psalms/145b,cda4eed7b575,Coverdale Psalter,Psalm 145:10-21,,verified,codex,2026-07-14,Machine-verified against 1662 BCP
psalms/146,8cbe907afc4f,Coverdale Psalter,Psalm 146,,verified,codex,2026-07-10,Machine-verified against 1662 BCP
psalms/147,08bf01a3f98d,Coverdale Psalter,Psalm 147,,verified,codex,2026-07-10,Machine-verified against 1662 BCP
psalms/147a,d56f9646e87b,Coverdale Psalter,Psalm 147:1-11,,verified,codex,2026-07-10,Machine-verified against 1662 BCP
psalms/147b,5f23a53d018a,Coverdale Psalter,Psalm 147:12-20,,verified,codex,2026-07-10,Machine-verified against 1662 BCP
psalms/148,dbaec380a6de,Coverdale Psalter,Psalm 148,,verified,codex,2026-07-10,Machine-verified against 1662 BCP
psalms/148a,9791f6b89cee,Coverdale Psalter,Psalm 148a,,verified,codex,2026-07-10,Machine-verified against 1662 BCP
psalms/148b,ccaf7316e1ae,Coverdale Psalter,Psalm 148b,,verified,codex,2026-07-10,Machine-verified against 1662 BCP
psalms/149,7c554cf0a542,Coverdale Psalter,Psalm 149,,verified,codex,2026-07-10,Machine-verified against 1662 BCP
psalms/150,a0e11bda5eb2,Coverdale Psalter,Psalm 150,,verified,codex,2026-07-10,Machine-verified against 1662 BCP
seasonal/advent/hymn-lauds,4bbf380072f5,draft archdiocesan Lauds book,The First Sunday in Advent,13,verified,codex,2026-07-18,
seasonal/advent/hymn-vespers,e76f29dcb9b6,draft archdiocesan Vespers book,Saturday before the First Sunday in Advent,8,verified,codex,2026-07-18,
seasonal/easter/pre-collect-versicle-prime,991eed765c77,st patrick prayer book,,41,verified,bwaldrep,2026-07-16,
seasonal/passiontide/hymn-first-vespers,36917a89fd66,A Noted Hymnary for the Anglican Breviary,,17,verified,codex,2026-07-17,
seasonal/passiontide/short-responsory-vespers,d5d8a4eca7ea,draft archdiocesan Vespers book,Saturdays in Passiontide,147,verified,codex,2026-07-18,
shared/formulas/closing-our-father,f9351f4fc232,draft archdiocesan Lauds book,,17,verified,codex,2026-07-17,
shared/formulas/closing-peace,6dd169108046,draft archdiocesan Lauds book,,17,verified,codex,2026-07-17,
shared/formulas/daily-blessing,88713ce680d1,diurnal,,10,verified,bwaldrep,2026-07-15,
shared/formulas/divine-help,c73885541916,draft archdiocesan Lauds book,,17,verified,codex,2026-07-17,
shared/formulas/faithful-departed,78cd4856d8a2,draft archdiocesan Lauds book,,17,verified,codex,2026-07-17,
shared/formulas/opening-versicle,9cda7ff3a79e,diurnal,,2,verified,bwaldrep,2026-07-15,
shared/formulas/pre-collect-versicles,74d5b5f67c89,diurnal,,9,verified,bwaldrep,2026-07-15,
